checked_at,title,channel_title,view_count,subscriber_count,view_to_sub_ratio,published_at,url
2026-06-22 06:53 UTC,Nikki Where Are You? #obsession #movie #movieclips #scary #horror #horrormovies #love #viral #shorts,Dyl,669993,1290,519.37,2026-06-11T23:57:56Z,https://youtube.com/watch?v=xqDRVf9t0s0
2026-06-22 06:53 UTC,Sunny Deol ka blockbuster Movie Seen 😈... #trending #viral#movieclip#shortsfeed #shorts #FilmyCut17,FILMY CUT 17,462233,1000,462.23,2026-06-14T05:11:16Z,https://youtube.com/watch?v=xJKCeARLncU
2026-06-22 06:53 UTC,Have you watched this movie#youtubeshorts #trending #explore #viral #fyp #foryou #newmovie #tft #fy,Userrashad,1581453,4590,344.54,2026-06-14T09:18:03Z,https://youtube.com/watch?v=6XpQOQBjn00
2026-06-22 06:53 UTC,Ghar me bhoot ka saya 😱 #horrorstories #shortvideo  #viral #tranding #reels #horror #ghost #facts,Gulshan Horror Diaries,271653,1150,236.22,2026-06-08T13:45:12Z,https://youtube.com/watch?v=rncD6TtgG5g
2026-06-22 06:53 UTC,Godzilla 4 — First footage of the Chimera Titan revealed #vfx #movie #fyp #godzilla #kong,Aether Studio,391196,1950,200.61,2026-06-10T17:45:37Z,https://youtube.com/watch?v=uDPzSUTZuf0
2026-06-22 06:53 UTC,bhootwala #comedy #gaye #funnyvideo #tending #terending #horrorstories #fyp# viral#shorts,bhootfunny8,560239,3110,180.14,2026-06-09T13:04:28Z,https://youtube.com/watch?v=-Qqwb6-J3co
2026-06-22 06:53 UTC,😱⛈️Khet Me Khaufnak Raat! #trending #ytshorts #shortsindia #villagelife #viral #shortfilm#lovestory,Aarzoo village story ,842099,4760,176.91,2026-06-13T13:57:04Z,https://youtube.com/watch?v=QQZr59magKk
2026-06-22 06:53 UTC,NO. 7 | The Last Robot on Earth (Short Film),Masjatika,61122,381,160.43,2026-06-15T07:01:46Z,https://youtube.com/watch?v=yJrcyYKwt4A
2026-06-22 06:53 UTC,Kalu bana Medak 🐸😱 #youtubeshorts #viralvideo #trending #shortvideo #viral #horror,Kalu Ki Masti 01,144648,945,153.07,2026-06-19T01:30:06Z,https://youtube.com/watch?v=Ui7BG8-I9yY
2026-06-22 06:53 UTC,Protocol : Centurion 1. #vfx #movie #fyp #alien #weapon,Aether Studio,253971,1950,130.24,2026-06-08T17:45:28Z,https://youtube.com/watch?v=iLG55Oz0Biw
2026-06-22 06:53 UTC,Cause this is THRILLER  #edit #animation #shorts #viral #michaeljackson #fyp #viralvideo,Frostyboi ,168283,1490,112.94,2026-06-16T18:55:08Z,https://youtube.com/watch?v=D1WFyzMkRWQ
2026-06-22 06:53 UTC,WORMWOOD PROTOCOL | A Sci-Fi Short Film,GREYWAKE STUDIOS,42643,552,77.25,2026-06-10T15:10:15Z,https://youtube.com/watch?v=79NDyvHyv6I
2026-06-22 06:53 UTC,Haunted Mall 😱😱 #bhoot #shortvideo,horror Kahani ,291384,4750,61.34,2026-06-09T15:40:19Z,https://youtube.com/watch?v=5VI3fX_HeWw
2026-06-22 06:53 UTC,haunted Post office 😱😱 #bhoot #horror #shortvideo,horror Kahani ,245262,4750,51.63,2026-06-13T14:40:04Z,https://youtube.com/watch?v=OSkvNJPcwEg
2026-06-22 06:53 UTC,HALCYON 6 | He Was Their Prisoner. Now He'll End Them All. | Sci-Fi Short Film,LONGMAN CINEMA,212960,4370,48.73,2026-06-16T21:26:42Z,https://youtube.com/watch?v=FUZ3IQY8XOI
2026-06-22 06:53 UTC,Movie :Dridam(2026)#viral #trending #viralvideo #shortvideo #shorts #malayalam #youtubeshorts #crime,CINEMA_787,3816751,79600,47.95,2026-06-12T07:45:04Z,https://youtube.com/watch?v=XHof8Xgl0Qc
2026-06-22 06:53 UTC,Chudail Ka Birthday🎂| Bhoot wala Video | ghost video#bhoot #horror #shorts #ghost,Masti2Fun Tv,2413788,52100,46.33,2026-06-11T14:05:13Z,https://youtube.com/watch?v=KLNu-FsNeK0
2026-06-22 06:53 UTC,The Trials | Sci-Fi Short Film | Beyond the Loop S2 E01,Wonder Studios,77209,1770,43.62,2026-06-11T11:00:06Z,https://youtube.com/watch?v=J51pKQoXLoc
2026-06-22 06:53 UTC,Thriller - Michael Jackson 🧟#michaeljackson #thriller #viral #edit #mj #capcut,𝑮𝒂𝒍𝒐𝒑𝒖𝒍𝒂𝟔𝟗𝟒,215089,5210,41.28,2026-06-13T12:05:36Z,https://youtube.com/watch?v=fvP4kQiWpqo
2026-06-22 06:53 UTC,Super bear horror #superbear #superbearadventure#shortvideo #shorts #viral #youtubeshorts #horror,super bear adventures 🐻 ,2671471,73900,36.15,2026-06-13T12:22:35Z,https://youtube.com/watch?v=y2bTPXRV-zA
2026-06-22 06:53 UTC,THRILLER 😈🎵| #shorts #ytshorts #michaeljackson #michaeljacksonedits #goviral #viral #edit #edits,xxtjayyy ,3857384,111000,34.75,2026-06-18T15:00:28Z,https://youtube.com/watch?v=60Mnt50oYek
2026-06-22 06:53 UTC,I'M ADDICTIVE IN THE #1!!!⭐ #animation #michaeljackson #mj #shortsfeed #viral,GojoRank,2879408,104000,27.69,2026-06-10T19:45:23Z,https://youtube.com/watch?v=C1Q_TzfZLAo
2026-06-22 06:53 UTC,Green Lightning 2 - AI Cinematic Action Film (Seedance 2.0),Hieu AI MEDIA,127380,5180,24.59,2026-06-18T12:00:14Z,https://youtube.com/watch?v=j0cmQIpVzng
2026-06-22 06:53 UTC,Humans Went Extinct 300 Years Ago… But One Robot Never Stopped Searching | Full Sci-Fi Movie,Veyra AI Films,376274,20000,18.81,2026-06-15T08:52:27Z,https://youtube.com/watch?v=duMg8CxKMU8
2026-06-22 06:53 UTC,Rusted Titan | Post-Apocalyptic Sci-Fi AI Film in 4K | A Scavenger's Journey to Survive,Reverie,105199,5680,18.52,2026-06-08T23:28:38Z,https://youtube.com/watch?v=pVaCgC_c1A4
2026-06-22 06:53 UTC,Rusted Titan | Post-Apocalyptic Sci-Fi AI Film in 4K | A Scavenger's Journey to Survive,Reverie,105199,5680,18.52,2026-06-08T23:28:38Z,https://youtube.com/watch?v=pVaCgC_c1A4
2026-06-22 06:53 UTC,I REALLY LIKES MAKING THIS SHORT💞 #animation #michaeljackson #mj #shortsfeed #viral,GojoRank,1728475,104000,16.62,2026-06-12T20:02:02Z,https://youtube.com/watch?v=uOAqy6H1nMs
2026-06-22 06:53 UTC,Jamali Core 😎😎 Dhurandhar #shorts  #youtubeshorts  #shortvideo  #trending  #viral,Bhuverse,118467,10100,11.73,2026-06-10T18:29:33Z,https://youtube.com/watch?v=AChRuSzSeNk
2026-06-22 06:53 UTC,Progress Is Good — Uncontrolled AI Is Not！#movie  #scifi  #highenergy  #shorts,DimenShards,283997,27100,10.48,2026-06-11T12:00:34Z,https://youtube.com/watch?v=BCoFBMZY1rs
2026-06-22 06:53 UTC,Short Sci-fi Film | The Alien Princess - Part 1,𝘼𝙎𝙏𝙍𝙊𝘿𝙐𝙎𝙏,86951,13200,6.59,2026-06-15T20:17:00Z,https://youtube.com/watch?v=f0vqGIK-D40
2026-06-22 06:53 UTC,कलयुग: अंत का आरंभ | कल्कि vs कली | AI की सबसे खतरनाक मूवी | Full movie | Ai movie,DHARMA KARMA,68171,12000,5.68,2026-06-14T13:57:25Z,https://youtube.com/watch?v=6cePDrC2dM4
2026-06-22 06:53 UTC,"Dalam Semalam, Dunia Modern Runtuh Total 🌎💥",Nona Film,1313032,255000,5.15,2026-06-19T10:00:25Z,https://youtube.com/watch?v=iP9JOU1TyZ4
2026-06-22 07:05 UTC,🔥 MIND-BLOWING Caught Behind by Shubman Gill! 🤯🏏 | Unbelievable Catch Behind the Stumps,Kohli Empire,26545,79,265.45,PT15S,2026-06-14T05:25:34Z,https://youtube.com/watch?v=deIOEF--UCk
2026-06-22 07:05 UTC,A Little Girl Saved a Alien Robot… Then He Came Back for Her,Ashborn Films,630554,3120,202.1,PT14M22S,2026-06-11T16:43:20Z,https://youtube.com/watch?v=NWe79HR3-hk
2026-06-22 07:05 UTC,Wait for End 😱 Wavy Effect Magic | Mind Blowing Short,Geeta Vishkarma,16432,49,164.32,PT14S,2026-06-09T12:28:53Z,https://youtube.com/watch?v=xIac_GsOv4k
2026-06-22 07:05 UTC,They Had to Buy Everything With Their Lifespan 😱 #movierecap #shortvideo #shorts,Movie World Recap,23397,241,97.08,PT2M21S,2026-06-17T14:00:32Z,https://youtube.com/watch?v=jqDOM8X_dfg
2026-06-22 07:05 UTC,fantastic butterfly trend📈#trending #transition #2026 #shorts #butterfly #instagram #new #viral,khushijiedits,2236026,29900,74.78,PT28S,2026-06-12T15:30:20Z,https://youtube.com/watch?v=TY73ohe5Kl4
2026-06-22 07:05 UTC,PERNIKAHAN INI VIRAL KARENA MAHARNYA CUMAN 100 RIBU,Info Konyol,538151,12500,43.05,PT38S,2026-06-20T05:00:25Z,https://youtube.com/watch?v=LaBb1LkDb74
2026-06-22 07:05 UTC,Supernatural dread in bathroom #horror #shortvideo #surreal #ai #cinematic  #geminiomni #mirror,Surrealist AI,4144,20,41.44,PT11S,2026-06-14T17:28:48Z,https://youtube.com/watch?v=xxmFNUFH_VI
2026-06-22 07:05 UTC,Trending Transition  | Viral Reel Ideas #shorts | YouTube Shorts #shorts #trendingshorts,Amritha Prasannan,3631,84,36.31,PT16S,2026-06-09T16:20:09Z,https://youtube.com/watch?v=7TKwTF4z9lk
2026-06-22 07:05 UTC,transition alert ⏩😱 | funny video 🤣 | #funnyvideo #comedy #entertainment,abhifunzone07,2986,32,29.86,PT23S,2026-06-13T06:18:14Z,https://youtube.com/watch?v=CShgIAiWq80
2026-06-22 07:05 UTC,Surreal cooking competition disc #shorts #shortvideo #subscribe,kidzo playtime TV,2968,2,29.68,PT11S,2026-06-13T17:35:45Z,https://youtube.com/watch?v=nMxWjIGuAkU
2026-06-22 07:05 UTC,Oh my god 😱 What a Farming reel crazy videography idea 👈🏻 #videography #shorts #transition,Magic Shot X,2934,57,29.34,PT38S,2026-06-15T11:30:39Z,https://youtube.com/watch?v=opcT8zN419U
2026-06-22 07:05 UTC,Survival Skills: Smart idea and Simple but very Useful #trending #video #viral,comedy Akash 715,4447,170,26.16,PT1M1S,2026-06-08T08:00:25Z,https://youtube.com/watch?v=S9uQFjxvv6Q
2026-06-22 07:05 UTC,In this surreal and playful AI-generated video #shortvideo #aivideo #like #trendingshorts #myvideo,AST DAS,2185,6,21.85,PT9S,2026-06-12T10:10:39Z,https://youtube.com/watch?v=cBGhkgMPm8k
2026-06-22 07:05 UTC,cheetos ASMR very simple useful idea #funny entertainment video very#shorts #cute #funny #viral 2🥪🍕🍎,@zxr_funny,39724,1880,21.13,PT9S,2026-06-17T06:05:48Z,https://youtube.com/watch?v=AzHDPAq6S-o
2026-06-22 07:05 UTC,#VFX #VFXEdit #Editing #VideoEditing #Trending #Reels #Cinem#AfterEffects #CapCut #HemantVFXEditz08,Hemantvfx- editz08,1798,32,17.98,PT41S,2026-06-18T07:30:10Z,https://youtube.com/watch?v=7g7p0xJQJBs
2026-06-22 07:05 UTC,The smoothest transition!!!🫀👏🏻@TheBaddiaee #memes#contentcreator,_𝐁𝐀𝐃𝐃𝐈𝐄𝐄_,30877,1890,16.34,PT10S,2026-06-18T07:57:40Z,https://youtube.com/watch?v=iEh1A_eBweI
2026-06-22 07:05 UTC,Fantastic butterfly📈#trending #trendingshorts #transition #2026 #shorts #butterfly #new #viral,khushijiedits,405477,29900,13.56,PT27S,2026-06-08T15:30:11Z,https://youtube.com/watch?v=H72btxY3o1c
2026-06-22 07:05 UTC,"They're aura farming, MIND BLOWING 😱 #reels #shorts #timer #clock #trend #viral",RankTiger,2025,173,11.71,PT51S,2026-06-11T17:00:08Z,https://youtube.com/watch?v=J722FbmBE8A
2026-06-22 07:05 UTC,Choru ka gulam ❤ #ytshorts #shorts #trending #reels #cinematic #aesthetic #chorukagulam,Rutika Wagh,756506,66500,11.38,PT14S,2026-06-12T03:33:51Z,https://youtube.com/watch?v=GtAQecByGjQ
2026-06-22 07:05 UTC,A old Jungle house transformation into a mind-blowing Dream House #explore #comedy #edit,Ai.Sinchan,1109,23,11.09,PT44S,2026-06-09T01:30:38Z,https://youtube.com/watch?v=Ch8g0Hddf_c
2026-06-22 07:05 UTC,Front Page Ideas🌷❤️ #frontpage #viral #trending #explore #fyp #shorts #shortsfeed #youtubeshorts #yt,Aditi,21580,1980,10.9,PT11S,2026-06-15T01:30:02Z,https://youtube.com/watch?v=G_XMBH7MzC0
2026-06-22 07:05 UTC,10 Second Mind Blowing AI Video   Amazing Tech Edit #shorts,ZOVIO TV ,4034,577,6.99,PT9S,2026-06-13T02:35:38Z,https://youtube.com/watch?v=OtAh9C_oU0M
2026-06-22 07:05 UTC,fantastic butterfly🦋#trending #trendingshorts #transition #2026 #viral #short #butterfly #new,khushijiedits,179308,29900,6.0,PT25S,2026-06-14T15:30:29Z,https://youtube.com/watch?v=56U4b_sjVL4
2026-06-22 07:05 UTC,💖🔥 Sreeleela’s Mind-Blowing Dance Performance#sreeleela​#trending​#viral​#dance​#lovely​#edit​#yt​,Pawan Saini officer,28797,5040,5.71,PT9S,2026-06-12T09:20:18Z,https://youtube.com/watch?v=WYy9X9JQC9M
2026-06-22 07:05 UTC,कलयुग: अंत का आरंभ | कल्कि vs कली | AI की सबसे खतरनाक मूवी | Full movie | Ai movie,DHARMA KARMA,68179,12000,5.68,PT32M6S,2026-06-14T13:57:25Z,https://youtube.com/watch?v=6cePDrC2dM4
2026-06-22 07:05 UTC,Very simple and easy drawing ideas💡😍 #subscribe #viral #viralvideos #video #shorts,Act mou,1455,257,5.66,PT35S,2026-06-16T03:00:11Z,https://youtube.com/watch?v=RlZ1gHAYkWE
2026-06-22 07:05 UTC,🪷✨Apsara look🪷✨ finally #transition #apsara #trendingshorts #viral #godessparvati,Monika's Marathi Vlog🎀,2245,412,5.45,PT19S,2026-06-14T18:37:12Z,https://youtube.com/watch?v=wkiNEpr9bKo
2026-06-22 07:05 UTC,Elderly Fashion Dance • We Are The Late Light | Surreal AI Music Video 4K,Surreal AI,275595,51800,5.32,PT8M35S,2026-06-16T14:10:42Z,https://youtube.com/watch?v=jxanYglRnCY
2026-06-22 08:02 UTC,🔥 MIND-BLOWING Caught Behind by Shubman Gill! 🤯🏏 | Unbelievable Catch Behind the Stumps,Kohli Empire,26525,79,265.25,PT15S,2026-06-14T05:25:34Z,https://youtube.com/watch?v=deIOEF--UCk
2026-06-22 08:02 UTC,A Little Girl Saved a Alien Robot… Then He Came Back for Her,Ashborn Films,632476,3130,202.07,PT14M22S,2026-06-11T16:43:20Z,https://youtube.com/watch?v=NWe79HR3-hk
2026-06-22 08:02 UTC,Wait for End 😱 Wavy Effect Magic | Mind Blowing Short,Geeta Vishkarma,16432,50,164.32,PT14S,2026-06-09T12:28:53Z,https://youtube.com/watch?v=xIac_GsOv4k
2026-06-22 08:02 UTC,Experience a surreal and satisfying slime transformation like never before. This video showcases a h,MAAQ Slimy,11694,70,116.94,PT23S,2026-06-08T16:01:22Z,https://youtube.com/watch?v=EVyjI3cJJ9A
2026-06-22 08:02 UTC,They Had to Buy Everything With Their Lifespan 😱 #movierecap #shortvideo #shorts,Movie World Recap,23398,241,97.09,PT2M21S,2026-06-17T14:00:32Z,https://youtube.com/watch?v=jqDOM8X_dfg
2026-06-22 08:02 UTC,fantastic butterfly trend📈#trending #transition #2026 #shorts #butterfly #instagram #new #viral,khushijiedits,2236110,29900,74.79,PT28S,2026-06-12T15:30:20Z,https://youtube.com/watch?v=TY73ohe5Kl4
2026-06-22 08:02 UTC,PERNIKAHAN INI VIRAL KARENA MAHARNYA CUMAN 100 RIBU,Info Konyol,544763,12500,43.58,PT38S,2026-06-20T05:00:25Z,https://youtube.com/watch?v=LaBb1LkDb74
2026-06-22 08:02 UTC,Surreal ASMR Bed Designs in 4K | Satisfying Sleep Concepts & Foley Sounds,barat story ai,60494,1450,41.72,PT2M15S,2026-06-08T13:00:06Z,https://youtube.com/watch?v=zdAzu3aMKhU
2026-06-22 08:02 UTC,Trending Transition  | Viral Reel Ideas #shorts | YouTube Shorts #shorts #trendingshorts,Amritha Prasannan,3631,84,36.31,PT16S,2026-06-09T16:20:09Z,https://youtube.com/watch?v=7TKwTF4z9lk
2026-06-22 08:02 UTC,Dr. Brown Bear Goes Rolling Down The Hill! 🐻⛰️ #effects #parody #peppapig #peppa #animation #funny,CooLGee Effects,36124,1170,30.88,PT16S,2026-06-15T18:06:32Z,https://youtube.com/watch?v=ayW9RV2tQ8I
2026-06-22 08:02 UTC,transition alert ⏩😱 | funny video 🤣 | #funnyvideo #comedy #entertainment,abhifunzone07,2986,32,29.86,PT23S,2026-06-13T06:18:14Z,https://youtube.com/watch?v=CShgIAiWq80
2026-06-22 08:02 UTC,Oh my god 😱 What a Farming reel crazy videography idea 👈🏻 #videography #shorts #transition,Magic Shot X,2934,57,29.34,PT38S,2026-06-15T11:30:39Z,https://youtube.com/watch?v=opcT8zN419U
2026-06-22 08:02 UTC,Big & Small Moon Monster Cars vs Giant Unfinished Road – BeamNG.drive #carcrashes #beamngexperiments,The Beam Hub,23077,863,26.74,PT21S,2026-06-16T00:00:05Z,https://youtube.com/watch?v=M1MZ9NW1Wq8
2026-06-22 08:02 UTC,cheetos ASMR very simple useful idea #funny entertainment video very#shorts #cute #funny #viral 2🥪🍕🍎,@zxr_funny,39727,1880,21.13,PT9S,2026-06-17T06:05:48Z,https://youtube.com/watch?v=AzHDPAq6S-o
2026-06-22 08:02 UTC,#VFX #VFXEdit #Editing #VideoEditing #Trending #Reels #Cinem#AfterEffects #CapCut #HemantVFXEditz08,Hemantvfx- editz08,1794,32,17.94,PT41S,2026-06-18T07:30:10Z,https://youtube.com/watch?v=7g7p0xJQJBs
2026-06-22 08:02 UTC,The smoothest transition!!!🫀👏🏻@TheBaddiaee #memes#contentcreator,_𝐁𝐀𝐃𝐃𝐈𝐄𝐄_,30877,1890,16.34,PT10S,2026-06-18T07:57:40Z,https://youtube.com/watch?v=iEh1A_eBweI
2026-06-22 08:02 UTC,Fantastic butterfly📈#trending #trendingshorts #transition #2026 #shorts #butterfly #new #viral,khushijiedits,405559,29900,13.56,PT27S,2026-06-08T15:30:11Z,https://youtube.com/watch?v=H72btxY3o1c
2026-06-22 08:02 UTC,"They're aura farming, MIND BLOWING 😱 #reels #shorts #timer #clock #trend #viral",RankTiger,2025,173,11.71,PT51S,2026-06-11T17:00:08Z,https://youtube.com/watch?v=J722FbmBE8A
2026-06-22 08:02 UTC,Choru ka gulam ❤ #ytshorts #shorts #trending #reels #cinematic #aesthetic #chorukagulam,Rutika Wagh,756558,66700,11.34,PT14S,2026-06-12T03:33:51Z,https://youtube.com/watch?v=GtAQecByGjQ
2026-06-22 08:02 UTC,A old Jungle house transformation into a mind-blowing Dream House #explore #comedy #edit,Ai.Sinchan,1109,23,11.09,PT44S,2026-06-09T01:30:38Z,https://youtube.com/watch?v=Ch8g0Hddf_c
2026-06-22 08:02 UTC,Front Page Ideas🌷❤️ #frontpage #viral #trending #explore #fyp #shorts #shortsfeed #youtubeshorts #yt,Aditi,21576,1980,10.9,PT11S,2026-06-15T01:30:02Z,https://youtube.com/watch?v=G_XMBH7MzC0
2026-06-22 08:02 UTC,Some of the most viral videos online follow a surprisingly simple formula,Extreme Marketing,754,52,7.54,PT53S,2026-06-11T06:12:51Z,https://youtube.com/watch?v=CHVajGhbGLc
2026-06-22 08:02 UTC,10 Second Mind Blowing AI Video   Amazing Tech Edit #shorts,ZOVIO TV ,4034,577,6.99,PT9S,2026-06-13T02:35:38Z,https://youtube.com/watch?v=OtAh9C_oU0M
2026-06-22 08:02 UTC,Wavelo - planetary feast (official short film and music video) Ai cinematic ,Wavelo,11332,1880,6.03,PT4M18S,2026-06-09T01:00:33Z,https://youtube.com/watch?v=hDd-0fRUI-s
2026-06-22 08:02 UTC,fantastic butterfly🦋#trending #trendingshorts #transition #2026 #viral #short #butterfly #new,khushijiedits,179487,29900,6.0,PT25S,2026-06-14T15:30:29Z,https://youtube.com/watch?v=56U4b_sjVL4
2026-06-22 08:02 UTC,💖🔥 Sreeleela’s Mind-Blowing Dance Performance#sreeleela​#trending​#viral​#dance​#lovely​#edit​#yt​,Pawan Saini officer,28797,5050,5.7,PT9S,2026-06-12T09:20:18Z,https://youtube.com/watch?v=WYy9X9JQC9M
2026-06-22 08:02 UTC,Very simple and easy drawing ideas💡😍 #subscribe #viral #viralvideos #video #shorts,Act mou,1455,257,5.66,PT35S,2026-06-16T03:00:11Z,https://youtube.com/watch?v=RlZ1gHAYkWE
2026-06-22 08:02 UTC,"Peppa, Daddy pig Jumped in the pool! Peppa Effects Sponsored by Klasky Csupo Effects",IEffects0015,4222,757,5.58,PT2M3S,2026-06-18T13:00:45Z,https://youtube.com/watch?v=INX8XEqpSqM
2026-06-22 08:02 UTC,🪷✨Apsara look🪷✨ finally #transition #apsara #trendingshorts #viral #godessparvati,Monika's Marathi Vlog🎀,2245,412,5.45,PT19S,2026-06-14T18:37:12Z,https://youtube.com/watch?v=wkiNEpr9bKo
2026-06-22 08:02 UTC,Elderly Fashion Dance • We Are The Late Light | Surreal AI Music Video 4K,Surreal AI,276637,51800,5.34,PT8M35S,2026-06-16T14:10:42Z,https://youtube.com/watch?v=jxanYglRnCY
2026-06-22 20:18 UTC,GIANT BUFFALO CLIMBS A MOMO STAIRCASE! 🐃🥟 | Most Satisfying AI Video Ever! 🤯#shorts #asmr,Crunch & Calm,36065,62,360.65,PT8S,2026-06-12T16:31:16Z,https://youtube.com/watch?v=lIdpngGQ6bo
2026-06-22 20:18 UTC,🔥 MIND-BLOWING Caught Behind by Shubman Gill! 🤯🏏 | Unbelievable Catch Behind the Stumps,Kohli Empire,26733,79,267.33,PT15S,2026-06-14T05:25:34Z,https://youtube.com/watch?v=deIOEF--UCk
2026-06-22 20:18 UTC,A Little Girl Saved a Alien Robot… Then He Came Back for Her,Ashborn Films,663144,3300,200.95,PT14M22S,2026-06-11T16:43:20Z,https://youtube.com/watch?v=NWe79HR3-hk
2026-06-22 20:18 UTC,Wait for End 😱 Wavy Effect Magic | Mind Blowing Short,Geeta Vishkarma,16432,49,164.32,PT14S,2026-06-09T12:28:53Z,https://youtube.com/watch?v=xIac_GsOv4k
2026-06-22 20:18 UTC,🤯 Mind-blowing moment! #shorts #viral #trending #fyp #youtube #explore #reels #ytshort,Daily Fact Reactor,13550,20,135.5,PT16S,2026-06-19T03:30:15Z,https://youtube.com/watch?v=PXSHp57b2SU
2026-06-22 20:18 UTC,They Had to Buy Everything With Their Lifespan 😱 #movierecap #shortvideo #shorts,Movie World Recap,23402,246,95.13,PT2M21S,2026-06-17T14:00:32Z,https://youtube.com/watch?v=jqDOM8X_dfg
2026-06-22 20:18 UTC,fantastic butterfly trend📈#trending #transition #2026 #shorts #butterfly #instagram #new #viral,khushijiedits,2237354,29900,74.83,PT28S,2026-06-12T15:30:20Z,https://youtube.com/watch?v=TY73ohe5Kl4
2026-06-22 20:18 UTC,PERNIKAHAN INI VIRAL KARENA MAHARNYA CUMAN 100 RIBU,Info Konyol,606393,12600,48.13,PT38S,2026-06-20T05:00:25Z,https://youtube.com/watch?v=LaBb1LkDb74
2026-06-22 20:18 UTC,Trending Transition  | Viral Reel Ideas #shorts | YouTube Shorts #shorts #trendingshorts,Amritha Prasannan,3644,87,36.44,PT16S,2026-06-09T16:20:09Z,https://youtube.com/watch?v=7TKwTF4z9lk
2026-06-22 20:18 UTC,Dr. Brown Bear Goes Rolling Down The Hill! 🐻⛰️ #effects #parody #peppapig #peppa #animation #funny,CooLGee Effects,36196,1170,30.94,PT16S,2026-06-15T18:06:32Z,https://youtube.com/watch?v=ayW9RV2tQ8I
2026-06-22 20:18 UTC,transition alert ⏩😱 | funny video 🤣 | #funnyvideo #comedy #entertainment,abhifunzone07,2986,32,29.86,PT23S,2026-06-13T06:18:14Z,https://youtube.com/watch?v=CShgIAiWq80
2026-06-22 20:18 UTC,Oh my god 😱 What a Farming reel crazy videography idea 👈🏻 #videography #shorts #transition,Magic Shot X,2945,57,29.45,PT38S,2026-06-15T11:30:39Z,https://youtube.com/watch?v=opcT8zN419U
2026-06-22 20:18 UTC,Big & Small Moon Monster Cars vs Giant Unfinished Road – BeamNG.drive #carcrashes #beamngexperiments,The Beam Hub,23105,865,26.71,PT21S,2026-06-16T00:00:05Z,https://youtube.com/watch?v=M1MZ9NW1Wq8
2026-06-22 20:18 UTC,DIY glass jar lamp | craft ideas | easy diy | bottle painting #shorts #viral #craft #diy #glassart,Crafter.ry25,26859,1280,20.98,PT14S,2026-06-19T12:52:02Z,https://youtube.com/watch?v=GL_wg7CRbOY
2026-06-22 20:18 UTC,cheetos ASMR very simple useful idea #funny entertainment video very#shorts #cute #funny #viral 2🥪🍕🍎,@zxr_funny,39751,1920,20.7,PT9S,2026-06-17T06:05:48Z,https://youtube.com/watch?v=AzHDPAq6S-o
2026-06-22 20:18 UTC,#VFX #VFXEdit #Editing #VideoEditing #Trending #Reels #Cinem#AfterEffects #CapCut #HemantVFXEditz08,Hemantvfx- editz08,1834,32,18.34,PT41S,2026-06-18T07:30:10Z,https://youtube.com/watch?v=7g7p0xJQJBs
2026-06-22 20:18 UTC,🤯 Mind-blowing moment! #shorts #viral #trending #fyp #youtube #explore #reels #ytshort,Daily Fact Reactor,1688,20,16.88,PT28S,2026-06-22T02:12:37Z,https://youtube.com/watch?v=LbnehWL7K50
2026-06-22 20:18 UTC,The smoothest transition!!!🫀👏🏻@TheBaddiaee #memes#contentcreator,_𝐁𝐀𝐃𝐃𝐈𝐄𝐄_,30891,1890,16.34,PT10S,2026-06-18T07:57:40Z,https://youtube.com/watch?v=iEh1A_eBweI
2026-06-22 20:18 UTC,"They're aura farming, MIND BLOWING 😱 #reels #shorts #timer #clock #trend #viral",RankTiger,2028,173,11.72,PT51S,2026-06-11T17:00:08Z,https://youtube.com/watch?v=J722FbmBE8A
2026-06-22 20:18 UTC,A old Jungle house transformation into a mind-blowing Dream House #explore #comedy #edit,Ai.Sinchan,1109,23,11.09,PT44S,2026-06-09T01:30:38Z,https://youtube.com/watch?v=Ch8g0Hddf_c
2026-06-22 20:18 UTC,Choru ka gulam ❤ #ytshorts #shorts #trending #reels #cinematic #aesthetic #chorukagulam,Rutika Wagh,756858,69100,10.95,PT14S,2026-06-12T03:33:51Z,https://youtube.com/watch?v=GtAQecByGjQ
2026-06-22 20:18 UTC,Front Page Ideas🌷❤️ #frontpage #viral #trending #explore #fyp #shorts #shortsfeed #youtubeshorts #yt,Aditi,21598,2010,10.75,PT11S,2026-06-15T01:30:02Z,https://youtube.com/watch?v=G_XMBH7MzC0
2026-06-22 20:18 UTC,10 Second Mind Blowing AI Video   Amazing Tech Edit #shorts,ZOVIO TV ,4034,577,6.99,PT9S,2026-06-13T02:35:38Z,https://youtube.com/watch?v=OtAh9C_oU0M
2026-06-22 20:18 UTC,Wavelo - planetary feast (official short film and music video) Ai cinematic ,Wavelo,12194,1880,6.49,PT4M18S,2026-06-09T01:00:33Z,https://youtube.com/watch?v=hDd-0fRUI-s
2026-06-22 20:18 UTC,fantastic butterfly🦋#trending #trendingshorts #transition #2026 #viral #short #butterfly #new,khushijiedits,180735,29900,6.04,PT25S,2026-06-14T15:30:29Z,https://youtube.com/watch?v=56U4b_sjVL4
2026-06-22 20:18 UTC,"Peppa, Daddy pig Jumped in the pool! Peppa Effects Sponsored by Klasky Csupo Effects",IEffects0015,4419,770,5.74,PT2M3S,2026-06-18T13:00:45Z,https://youtube.com/watch?v=INX8XEqpSqM
2026-06-22 20:18 UTC,Elderly Fashion Dance • We Are The Late Light | Surreal AI Music Video 4K,Surreal AI,296687,52100,5.69,PT8M35S,2026-06-16T14:10:42Z,https://youtube.com/watch?v=jxanYglRnCY
2026-06-22 20:18 UTC,💖🔥 Sreeleela’s Mind-Blowing Dance Performance#sreeleela​#trending​#viral​#dance​#lovely​#edit​#yt​,Pawan Saini officer,28816,5090,5.66,PT9S,2026-06-12T09:20:18Z,https://youtube.com/watch?v=WYy9X9JQC9M
2026-06-22 20:18 UTC,🪷✨Apsara look🪷✨ finally #transition #apsara #trendingshorts #viral #godessparvati,Monika's Marathi Vlog🎀,2251,411,5.48,PT19S,2026-06-14T18:37:12Z,https://youtube.com/watch?v=wkiNEpr9bKo
